{
  "left_side": [
    [
      1835.4338989257812,
      760.8101196289062
    ],
    [
      1913.7105102539062,
      761.8929443359375
    ],
    [
      1835.2675170898438,
      803.4831848144531
    ],
    [
      1926.798828125,
      803.7376403808594
    ],
    [
      2041.6221923828125,
      804.5189819335938
    ],
    [
      2002.8255004882812,
      811.5505065917969
    ],
    [
      1918.7592163085938,
      821.322509765625
    ],
    [
      1910.9613647460938,
      841.1875915527344
    ],
    [
      1783.3819580078125,
      844.8602294921875
    ],
    [
      1901.7272338867188,
      864.0081787109375
    ],
    [
      1768.8720703125,
      867.8350524902344
    ],
    [
      1880.7823486328125,
      901.8981018066406
    ],
    [
      1715.7196655273438,
      906.4423828125
    ],
    [
      1859.726806640625,
      946.5769348144531
    ],
    [
      1671.2695922851562,
      947.3600463867188
    ],
    [
      1596.57763671875,
      1007.5712585449219
    ],
    [
      1816.7197265625,
      1009.5029907226562
    ],
    [
      1774.5357055664062,
      1108.42724609375
    ],
    [
      1499.22705078125,
      1109.3387451171875
    ]
  ],
  "right_side": [
    [
      2158.6295166015625,
      750.4988708496094
    ],
    [
      2237.859375,
      757.069580078125
    ],
    [
      2150.05615234375,
      787.1458129882812
    ],
    [
      2153.3895263671875,
      800.9466552734375
    ],
    [
      2257.818359375,
      801.0908508300781
    ],
    [
      2074.8909301757812,
      808.0625610351562
    ],
    [
      2278.8553466796875,
      819.1507263183594
    ],
    [
      2166.115234375,
      820.8453674316406
    ],
    [
      2304.987060546875,
      840.581298828125
    ],
    [
      2184.5771484375,
      840.7975769042969
    ],
    [
      2199.754638671875,
      864.9374389648438
    ],
    [
      2343.286865234375,
      865.9379577636719
    ],
    [
      2392.6162109375,
      900.458984375
    ],
    [
      2227.843505859375,
      901.2091064453125
    ],
    [
      2444.2662353515625,
      945.76171875
    ],
    [
      2257.5032958984375,
      946.1168212890625
    ],
    [
      2541.0355224609375,
      1004.3719482421875
    ],
    [
      2291.395263671875,
      1005.9317932128906
    ],
    [
      2647.6312255859375,
      1096.2022094726562
    ],
    [
      2380.6358642578125,
      1096.4797973632812
    ]
  ],
  "aisle_position": 2043.4205868821648,
  "total_seats": 39,
  "left_count": 19,
  "right_count": 20,
  "left_row_1": [
    [
      1835.2675170898438,
      803.4831848144531
    ],
    [
      1835.4338989257812,
      760.8101196289062
    ],
    [
      1913.7105102539062,
      761.8929443359375
    ],
    [
      1926.798828125,
      803.7376403808594
    ],
    [
      2002.8255004882812,
      811.5505065917969
    ],
    [
      2041.6221923828125,
      804.5189819335938
    ]
  ],
  "left_row_2": [
    [
      1768.8720703125,
      867.8350524902344
    ],
    [
      1783.3819580078125,
      844.8602294921875
    ],
    [
      1901.7272338867188,
      864.0081787109375
    ],
    [
      1910.9613647460938,
      841.1875915527344
    ],
    [
      1918.7592163085938,
      821.322509765625
    ]
  ],
  "left_row_3": [
    [
      1671.2695922851562,
      947.3600463867188
    ],
    [
      1715.7196655273438,
      906.4423828125
    ],
    [
      1859.726806640625,
      946.5769348144531
    ],
    [
      1880.7823486328125,
      901.8981018066406
    ]
  ],
  "left_row_4": [
    [
      1596.57763671875,
      1007.5712585449219
    ],
    [
      1816.7197265625,
      1009.5029907226562
    ]
  ],
  "left_row_5": [
    [
      1499.22705078125,
      1109.3387451171875
    ],
    [
      1774.5357055664062,
      1108.42724609375
    ]
  ],
  "right_row_1": [
    [
      2074.8909301757812,
      808.0625610351562
    ],
    [
      2150.05615234375,
      787.1458129882812
    ],
    [
      2153.3895263671875,
      800.9466552734375
    ],
    [
      2158.6295166015625,
      750.4988708496094
    ],
    [
      2237.859375,
      757.069580078125
    ],
    [
      2257.818359375,
      801.0908508300781
    ]
  ],
  "right_row_2": [
    [
      2166.115234375,
      820.8453674316406
    ],
    [
      2184.5771484375,
      840.7975769042969
    ],
    [
      2199.754638671875,
      864.9374389648438
    ],
    [
      2278.8553466796875,
      819.1507263183594
    ],
    [
      2304.987060546875,
      840.581298828125
    ],
    [
      2343.286865234375,
      865.9379577636719
    ]
  ],
  "right_row_3": [
    [
      2227.843505859375,
      901.2091064453125
    ],
    [
      2257.5032958984375,
      946.1168212890625
    ],
    [
      2392.6162109375,
      900.458984375
    ],
    [
      2444.2662353515625,
      945.76171875
    ]
  ],
  "right_row_4": [
    [
      2291.395263671875,
      1005.9317932128906
    ],
    [
      2541.0355224609375,
      1004.3719482421875
    ]
  ],
  "right_row_5": [
    [
      2380.6358642578125,
      1096.4797973632812
    ],
    [
      2647.6312255859375,
      1096.2022094726562
    ]
  ]
}