{
  "left_side": [
    [
      1920.5198364257812,
      770.1681518554688
    ],
    [
      1841.8847045898438,
      776.1240234375
    ],
    [
      1931.6295776367188,
      816.375
    ],
    [
      1835.7799682617188,
      818.7794494628906
    ],
    [
      2009.7052612304688,
      820.6490478515625
    ],
    [
      1925.7234497070312,
      830.5434875488281
    ],
    [
      1816.102783203125,
      836.9551391601562
    ],
    [
      1914.8794555664062,
      852.8172912597656
    ],
    [
      1790.5878295898438,
      857.9310913085938
    ],
    [
      1902.76513671875,
      878.0181274414062
    ],
    [
      1759.009033203125,
      888.1666259765625
    ],
    [
      1884.4482421875,
      917.6000671386719
    ],
    [
      1725.7846069335938,
      923.2051696777344
    ],
    [
      1862.7658081054688,
      963.1568298339844
    ],
    [
      1687.3902587890625,
      963.6907348632812
    ],
    [
      1826.6073608398438,
      1024.8309326171875
    ],
    [
      1598.4921875,
      1026.5168151855469
    ],
    [
      1521.2611694335938,
      1124.6805419921875
    ],
    [
      1780.8971557617188,
      1127.5531616210938
    ]
  ],
  "right_side": [
    [
      2245.349365234375,
      768.2191467285156
    ],
    [
      2164.834716796875,
      769.5068969726562
    ],
    [
      2263.8165283203125,
      814.1866455078125
    ],
    [
      2159.66796875,
      814.4578247070312
    ],
    [
      2078.4183349609375,
      819.8526916503906
    ],
    [
      2170.91015625,
      832.708740234375
    ],
    [
      2283.9249267578125,
      832.9288024902344
    ],
    [
      2185.5208740234375,
      853.274169921875
    ],
    [
      2313.6962890625,
      853.9947204589844
    ],
    [
      2343.1075439453125,
      881.6792907714844
    ],
    [
      2213.314208984375,
      887.9647521972656
    ],
    [
      2395.2799072265625,
      911.6162719726562
    ],
    [
      2236.512451171875,
      911.8865051269531
    ],
    [
      2248.7806396484375,
      929.8391723632812
    ],
    [
      2452.2672119140625,
      955.6878356933594
    ],
    [
      2268.6435546875,
      961.4364929199219
    ],
    [
      2538.7188720703125,
      1013.9789733886719
    ],
    [
      2306.95703125,
      1017.2954711914062
    ],
    [
      2650.1966552734375,
      1108.8076782226562
    ],
    [
      2391.83837890625,
      1114.4185791015625
    ]
  ],
  "aisle_position": 2010.8447494736868,
  "total_seats": 39,
  "left_count": 19,
  "right_count": 20,
  "left_row_1": [
    [
      1835.7799682617188,
      818.7794494628906
    ],
    [
      1841.8847045898438,
      776.1240234375
    ],
    [
      1920.5198364257812,
      770.1681518554688
    ],
    [
      1931.6295776367188,
      816.375
    ],
    [
      2009.7052612304688,
      820.6490478515625
    ]
  ],
  "left_row_2": [
    [
      1759.009033203125,
      888.1666259765625
    ],
    [
      1790.5878295898438,
      857.9310913085938
    ],
    [
      1816.102783203125,
      836.9551391601562
    ],
    [
      1902.76513671875,
      878.0181274414062
    ],
    [
      1914.8794555664062,
      852.8172912597656
    ],
    [
      1925.7234497070312,
      830.5434875488281
    ]
  ],
  "left_row_3": [
    [
      1687.3902587890625,
      963.6907348632812
    ],
    [
      1725.7846069335938,
      923.2051696777344
    ],
    [
      1862.7658081054688,
      963.1568298339844
    ],
    [
      1884.4482421875,
      917.6000671386719
    ]
  ],
  "left_row_4": [
    [
      1598.4921875,
      1026.5168151855469
    ],
    [
      1826.6073608398438,
      1024.8309326171875
    ]
  ],
  "left_row_5": [
    [
      1521.2611694335938,
      1124.6805419921875
    ],
    [
      1780.8971557617188,
      1127.5531616210938
    ]
  ],
  "right_row_1": [
    [
      2078.4183349609375,
      819.8526916503906
    ],
    [
      2159.66796875,
      814.4578247070312
    ],
    [
      2164.834716796875,
      769.5068969726562
    ],
    [
      2245.349365234375,
      768.2191467285156
    ],
    [
      2263.8165283203125,
      814.1866455078125
    ]
  ],
  "right_row_2": [
    [
      2170.91015625,
      832.708740234375
    ],
    [
      2185.5208740234375,
      853.274169921875
    ],
    [
      2213.314208984375,
      887.9647521972656
    ],
    [
      2283.9249267578125,
      832.9288024902344
    ],
    [
      2313.6962890625,
      853.9947204589844
    ],
    [
      2343.1075439453125,
      881.6792907714844
    ]
  ],
  "right_row_3": [
    [
      2236.512451171875,
      911.8865051269531
    ],
    [
      2248.7806396484375,
      929.8391723632812
    ],
    [
      2268.6435546875,
      961.4364929199219
    ],
    [
      2395.2799072265625,
      911.6162719726562
    ],
    [
      2452.2672119140625,
      955.6878356933594
    ]
  ],
  "right_row_4": [
    [
      2306.95703125,
      1017.2954711914062
    ],
    [
      2538.7188720703125,
      1013.9789733886719
    ]
  ],
  "right_row_5": [
    [
      2391.83837890625,
      1114.4185791015625
    ],
    [
      2650.1966552734375,
      1108.8076782226562
    ]
  ]
}