{
  "left_side": [
    [
      1695.4150390625,
      1218.1099853515625
    ],
    [
      1621.2000122070312,
      1224.5549926757812
    ],
    [
      1785.3899536132812,
      1260.239990234375
    ],
    [
      1710.949951171875,
      1262.4550170898438
    ],
    [
      1611.364990234375,
      1266.5499877929688
    ],
    [
      1702.9649658203125,
      1284.5850219726562
    ],
    [
      1590.0650024414062,
      1289.2049560546875
    ],
    [
      1692.2049560546875,
      1304.010009765625
    ],
    [
      1569.5899658203125,
      1312.6349487304688
    ],
    [
      1538.2899780273438,
      1338.1950073242188
    ],
    [
      1671.5449829101562,
      1338.625
    ],
    [
      1658.9400024414062,
      1361.4049682617188
    ],
    [
      1493.9949951171875,
      1370.6900024414062
    ],
    [
      1649.594970703125,
      1399.97998046875
    ],
    [
      1441.1400146484375,
      1413.6699829101562
    ],
    [
      1601.3099975585938,
      1466.114990234375
    ],
    [
      1375.135009765625,
      1477.4299926757812
    ],
    [
      1552.1549682617188,
      1568.2000122070312
    ],
    [
      1259.8599853515625,
      1585.97998046875
    ],
    [
      1464.3099975585938,
      1750.9949951171875
    ],
    [
      1100.3699951171875,
      1773.030029296875
    ],
    [
      1294.614990234375,
      2236.489990234375
    ],
    [
      650.9450073242188,
      2249.989990234375
    ]
  ],
  "right_side": [
    [
      2010.125,
      1203.4100341796875
    ],
    [
      1934.0400390625,
      1208.9349975585938
    ],
    [
      2035.0700073242188,
      1246.6699829101562
    ],
    [
      1930.875,
      1249.6749877929688
    ],
    [
      1855.3949584960938,
      1259.6549682617188
    ],
    [
      2056.6649780273438,
      1263.1600341796875
    ],
    [
      1973.5349731445312,
      1264.2000122070312
    ],
    [
      1934.1549682617188,
      1266.5400390625
    ],
    [
      1971.9149780273438,
      1277.5149536132812
    ],
    [
      2082.9600219726562,
      1281.9449462890625
    ],
    [
      2108.8699951171875,
      1304.699951171875
    ],
    [
      1976.8150024414062,
      1309.5900268554688
    ],
    [
      2146.8199462890625,
      1330.5549926757812
    ],
    [
      2002.3899536132812,
      1337.6199951171875
    ],
    [
      2230.4349365234375,
      1363.8250122070312
    ],
    [
      2034.010009765625,
      1377.8250122070312
    ],
    [
      2296.0499267578125,
      1422.6000366210938
    ],
    [
      2075.9099731445312,
      1435.125
    ],
    [
      2399.8099365234375,
      1516.6900024414062
    ],
    [
      2144.4149780273438,
      1527.7899780273438
    ],
    [
      2599.27490234375,
      1652.7300415039062
    ],
    [
      2237.679931640625,
      1677.8949584960938
    ],
    [
      2941.375,
      2161.5050048828125
    ],
    [
      2469.4249267578125,
      2180.3699951171875
    ]
  ],
  "aisle_position": 1791.5561242798465,
  "total_seats": 47,
  "left_count": 23,
  "right_count": 24,
  "left_row_1": [
    [
      1611.364990234375,
      1266.5499877929688
    ],
    [
      1621.2000122070312,
      1224.5549926757812
    ],
    [
      1695.4150390625,
      1218.1099853515625
    ],
    [
      1710.949951171875,
      1262.4550170898438
    ],
    [
      1785.3899536132812,
      1260.239990234375
    ]
  ],
  "left_row_2": [
    [
      1538.2899780273438,
      1338.1950073242188
    ],
    [
      1569.5899658203125,
      1312.6349487304688
    ],
    [
      1590.0650024414062,
      1289.2049560546875
    ],
    [
      1671.5449829101562,
      1338.625
    ],
    [
      1692.2049560546875,
      1304.010009765625
    ],
    [
      1702.9649658203125,
      1284.5850219726562
    ]
  ],
  "left_row_3": [
    [
      1441.1400146484375,
      1413.6699829101562
    ],
    [
      1493.9949951171875,
      1370.6900024414062
    ],
    [
      1649.594970703125,
      1399.97998046875
    ],
    [
      1658.9400024414062,
      1361.4049682617188
    ]
  ],
  "left_row_4": [
    [
      1375.135009765625,
      1477.4299926757812
    ],
    [
      1601.3099975585938,
      1466.114990234375
    ]
  ],
  "left_row_5": [
    [
      1259.8599853515625,
      1585.97998046875
    ],
    [
      1552.1549682617188,
      1568.2000122070312
    ]
  ],
  "left_row_6": [
    [
      1100.3699951171875,
      1773.030029296875
    ],
    [
      1464.3099975585938,
      1750.9949951171875
    ]
  ],
  "left_row_7": [
    [
      650.9450073242188,
      2249.989990234375
    ],
    [
      1294.614990234375,
      2236.489990234375
    ]
  ],
  "right_row_1": [
    [
      1855.3949584960938,
      1259.6549682617188
    ],
    [
      1930.875,
      1249.6749877929688
    ],
    [
      1934.0400390625,
      1208.9349975585938
    ],
    [
      2010.125,
      1203.4100341796875
    ],
    [
      2035.0700073242188,
      1246.6699829101562
    ],
    [
      2056.6649780273438,
      1263.1600341796875
    ]
  ],
  "right_row_2": [
    [
      1934.1549682617188,
      1266.5400390625
    ],
    [
      1971.9149780273438,
      1277.5149536132812
    ],
    [
      1973.5349731445312,
      1264.2000122070312
    ],
    [
      1976.8150024414062,
      1309.5900268554688
    ],
    [
      2082.9600219726562,
      1281.9449462890625
    ],
    [
      2108.8699951171875,
      1304.699951171875
    ]
  ],
  "right_row_3": [
    [
      2002.3899536132812,
      1337.6199951171875
    ],
    [
      2034.010009765625,
      1377.8250122070312
    ],
    [
      2146.8199462890625,
      1330.5549926757812
    ],
    [
      2230.4349365234375,
      1363.8250122070312
    ]
  ],
  "right_row_4": [
    [
      2075.9099731445312,
      1435.125
    ],
    [
      2296.0499267578125,
      1422.6000366210938
    ]
  ],
  "right_row_5": [
    [
      2144.4149780273438,
      1527.7899780273438
    ],
    [
      2399.8099365234375,
      1516.6900024414062
    ]
  ],
  "right_row_6": [
    [
      2237.679931640625,
      1677.8949584960938
    ],
    [
      2599.27490234375,
      1652.7300415039062
    ]
  ],
  "right_row_7": [
    [
      2469.4249267578125,
      2180.3699951171875
    ],
    [
      2941.375,
      2161.5050048828125
    ]
  ]
}