{
  "left_side": [
    [
      1913.462646484375,
      759.5000610351562
    ],
    [
      1834.2354736328125,
      760.2081909179688
    ],
    [
      1997.8628540039062,
      801.1387634277344
    ],
    [
      1823.1602783203125,
      801.5624694824219
    ],
    [
      1930.0908203125,
      802.2415771484375
    ],
    [
      1918.5037231445312,
      818.56396484375
    ],
    [
      1806.08349609375,
      819.6002197265625
    ],
    [
      1906.86767578125,
      837.9955444335938
    ],
    [
      1778.7409057617188,
      841.6579895019531
    ],
    [
      1893.6283569335938,
      861.9409790039062
    ],
    [
      1750.1546020507812,
      869.2685241699219
    ],
    [
      1878.4387817382812,
      897.1804504394531
    ],
    [
      1716.290771484375,
      903.191650390625
    ],
    [
      1667.8524780273438,
      944.2030029296875
    ],
    [
      1853.9374389648438,
      945.3255615234375
    ],
    [
      1596.0081787109375,
      1002.78857421875
    ],
    [
      1816.5086669921875,
      1006.6470642089844
    ],
    [
      1488.9141845703125,
      1103.63134765625
    ],
    [
      1780.1575927734375,
      1104.7883911132812
    ]
  ],
  "right_side": [
    [
      2158.22021484375,
      752.0829162597656
    ],
    [
      2238.0224609375,
      755.4353332519531
    ],
    [
      2152.606689453125,
      798.2117309570312
    ],
    [
      2256.4993896484375,
      799.6486206054688
    ],
    [
      2070.7818603515625,
      802.3868103027344
    ],
    [
      2277.751708984375,
      817.3033447265625
    ],
    [
      2166.0921630859375,
      819.2617492675781
    ],
    [
      2182.5025634765625,
      839.2002868652344
    ],
    [
      2306.2991943359375,
      839.3512878417969
    ],
    [
      2200.4283447265625,
      862.9677734375
    ],
    [
      2344.18310546875,
      863.6296081542969
    ],
    [
      2225.77734375,
      898.0822143554688
    ],
    [
      2392.8223876953125,
      898.2515258789062
    ],
    [
      2444.26904296875,
      941.7286682128906
    ],
    [
      2256.614990234375,
      945.3037719726562
    ],
    [
      2282.4605712890625,
      1004.3666381835938
    ],
    [
      2536.3924560546875,
      1006.6241760253906
    ],
    [
      2641.881103515625,
      1094.0631713867188
    ],
    [
      2376.73193359375,
      1094.1660766601562
    ]
  ],
  "aisle_position": 1998.1895221345987,
  "total_seats": 38,
  "left_count": 19,
  "right_count": 19,
  "left_row_1": [
    [
      1823.1602783203125,
      801.5624694824219
    ],
    [
      1834.2354736328125,
      760.2081909179688
    ],
    [
      1913.462646484375,
      759.5000610351562
    ],
    [
      1918.5037231445312,
      818.56396484375
    ],
    [
      1930.0908203125,
      802.2415771484375
    ],
    [
      1997.8628540039062,
      801.1387634277344
    ]
  ],
  "left_row_2": [
    [
      1750.1546020507812,
      869.2685241699219
    ],
    [
      1778.7409057617188,
      841.6579895019531
    ],
    [
      1806.08349609375,
      819.6002197265625
    ],
    [
      1893.6283569335938,
      861.9409790039062
    ],
    [
      1906.86767578125,
      837.9955444335938
    ]
  ],
  "left_row_3": [
    [
      1667.8524780273438,
      944.2030029296875
    ],
    [
      1716.290771484375,
      903.191650390625
    ],
    [
      1853.9374389648438,
      945.3255615234375
    ],
    [
      1878.4387817382812,
      897.1804504394531
    ]
  ],
  "left_row_4": [
    [
      1596.0081787109375,
      1002.78857421875
    ],
    [
      1816.5086669921875,
      1006.6470642089844
    ]
  ],
  "left_row_5": [
    [
      1488.9141845703125,
      1103.63134765625
    ],
    [
      1780.1575927734375,
      1104.7883911132812
    ]
  ],
  "right_row_1": [
    [
      2070.7818603515625,
      802.3868103027344
    ],
    [
      2152.606689453125,
      798.2117309570312
    ],
    [
      2158.22021484375,
      752.0829162597656
    ],
    [
      2238.0224609375,
      755.4353332519531
    ],
    [
      2256.4993896484375,
      799.6486206054688
    ]
  ],
  "right_row_2": [
    [
      2166.0921630859375,
      819.2617492675781
    ],
    [
      2182.5025634765625,
      839.2002868652344
    ],
    [
      2200.4283447265625,
      862.9677734375
    ],
    [
      2277.751708984375,
      817.3033447265625
    ],
    [
      2306.2991943359375,
      839.3512878417969
    ],
    [
      2344.18310546875,
      863.6296081542969
    ]
  ],
  "right_row_3": [
    [
      2225.77734375,
      898.0822143554688
    ],
    [
      2256.614990234375,
      945.3037719726562
    ],
    [
      2392.8223876953125,
      898.2515258789062
    ],
    [
      2444.26904296875,
      941.7286682128906
    ]
  ],
  "right_row_4": [
    [
      2282.4605712890625,
      1004.3666381835938
    ],
    [
      2536.3924560546875,
      1006.6241760253906
    ]
  ],
  "right_row_5": [
    [
      2376.73193359375,
      1094.1660766601562
    ],
    [
      2641.881103515625,
      1094.0631713867188
    ]
  ]
}