{
  "left_side": [
    [
      1890.2830810546875,
      931.16748046875
    ],
    [
      1809.27685546875,
      931.6064453125
    ],
    [
      1792.5050659179688,
      978.8946228027344
    ],
    [
      1972.2738647460938,
      978.9468383789062
    ],
    [
      1886.364990234375,
      990.8413391113281
    ],
    [
      1776.0512084960938,
      997.3556518554688
    ],
    [
      1873.5836791992188,
      1009.1376647949219
    ],
    [
      1860.5231323242188,
      1030.3605346679688
    ],
    [
      1718.53515625,
      1035.2626953125
    ],
    [
      1837.7167358398438,
      1064.0761108398438
    ],
    [
      1687.5091552734375,
      1065.1544189453125
    ],
    [
      1811.157470703125,
      1102.6067504882812
    ],
    [
      1638.00927734375,
      1102.7606811523438
    ],
    [
      1573.5581665039062,
      1152.4990844726562
    ],
    [
      1782.1557006835938,
      1155.1875610351562
    ],
    [
      1490.5578002929688,
      1225.1812744140625
    ],
    [
      1727.7391357421875,
      1225.4912719726562
    ],
    [
      1377.1217651367188,
      1311.766845703125
    ],
    [
      1666.0606689453125,
      1346.4862060546875
    ]
  ],
  "right_side": [
    [
      2127.769287109375,
      928.3787536621094
    ],
    [
      2208.0604248046875,
      936.5774536132812
    ],
    [
      2118.7828369140625,
      975.4259338378906
    ],
    [
      2041.0914306640625,
      981.2637634277344
    ],
    [
      2227.27294921875,
      988.7039489746094
    ],
    [
      2124.1297607421875,
      991.6498718261719
    ],
    [
      2129.7532958984375,
      1006.407470703125
    ],
    [
      2237.4559326171875,
      1009.0206909179688
    ],
    [
      2277.7548828125,
      1023.5155944824219
    ],
    [
      2146.05615234375,
      1027.5064697265625
    ],
    [
      2298.9290771484375,
      1057.5859985351562
    ],
    [
      2170.099365234375,
      1060.1004638671875
    ],
    [
      2355.3563232421875,
      1092.9420776367188
    ],
    [
      2193.1065673828125,
      1095.6429443359375
    ],
    [
      2407.53076171875,
      1140.2271118164062
    ],
    [
      2217.7581787109375,
      1141.3135375976562
    ],
    [
      2483.8455810546875,
      1208.2214965820312
    ],
    [
      2251.0694580078125,
      1209.2083740234375
    ],
    [
      2611.7880859375,
      1310.0588989257812
    ],
    [
      2305.7001953125,
      1314.7402954101562
    ]
  ],
  "aisle_position": 1977.0827360987064,
  "total_seats": 39,
  "left_count": 19,
  "right_count": 20,
  "left_row_1": [
    [
      1776.0512084960938,
      997.3556518554688
    ],
    [
      1792.5050659179688,
      978.8946228027344
    ],
    [
      1809.27685546875,
      931.6064453125
    ],
    [
      1886.364990234375,
      990.8413391113281
    ],
    [
      1890.2830810546875,
      931.16748046875
    ],
    [
      1972.2738647460938,
      978.9468383789062
    ]
  ],
  "left_row_2": [
    [
      1687.5091552734375,
      1065.1544189453125
    ],
    [
      1718.53515625,
      1035.2626953125
    ],
    [
      1837.7167358398438,
      1064.0761108398438
    ],
    [
      1860.5231323242188,
      1030.3605346679688
    ],
    [
      1873.5836791992188,
      1009.1376647949219
    ]
  ],
  "left_row_3": [
    [
      1573.5581665039062,
      1152.4990844726562
    ],
    [
      1638.00927734375,
      1102.7606811523438
    ],
    [
      1782.1557006835938,
      1155.1875610351562
    ],
    [
      1811.157470703125,
      1102.6067504882812
    ]
  ],
  "left_row_4": [
    [
      1490.5578002929688,
      1225.1812744140625
    ],
    [
      1727.7391357421875,
      1225.4912719726562
    ]
  ],
  "left_row_5": [
    [
      1377.1217651367188,
      1311.766845703125
    ],
    [
      1666.0606689453125,
      1346.4862060546875
    ]
  ],
  "right_row_1": [
    [
      2041.0914306640625,
      981.2637634277344
    ],
    [
      2118.7828369140625,
      975.4259338378906
    ],
    [
      2124.1297607421875,
      991.6498718261719
    ],
    [
      2127.769287109375,
      928.3787536621094
    ],
    [
      2208.0604248046875,
      936.5774536132812
    ],
    [
      2227.27294921875,
      988.7039489746094
    ]
  ],
  "right_row_2": [
    [
      2129.7532958984375,
      1006.407470703125
    ],
    [
      2146.05615234375,
      1027.5064697265625
    ],
    [
      2170.099365234375,
      1060.1004638671875
    ],
    [
      2237.4559326171875,
      1009.0206909179688
    ],
    [
      2277.7548828125,
      1023.5155944824219
    ],
    [
      2298.9290771484375,
      1057.5859985351562
    ]
  ],
  "right_row_3": [
    [
      2193.1065673828125,
      1095.6429443359375
    ],
    [
      2217.7581787109375,
      1141.3135375976562
    ],
    [
      2355.3563232421875,
      1092.9420776367188
    ],
    [
      2407.53076171875,
      1140.2271118164062
    ]
  ],
  "right_row_4": [
    [
      2251.0694580078125,
      1209.2083740234375
    ],
    [
      2483.8455810546875,
      1208.2214965820312
    ]
  ],
  "right_row_5": [
    [
      2305.7001953125,
      1314.7402954101562
    ],
    [
      2611.7880859375,
      1310.0588989257812
    ]
  ]
}