{
  "left_side": [
    [
      1678.93,
      988.69
    ],
    [
      1760.415,
      991.5
    ],
    [
      1846.545,
      1047.74
    ],
    [
      1761.17,
      1048.25
    ],
    [
      1621.76,
      1061.205
    ],
    [
      1752.1,
      1065.65
    ],
    [
      1596.58,
      1082.655
    ],
    [
      1738.255,
      1087.77
    ],
    [
      1558.125,
      1109.395
    ],
    [
      1721.165,
      1114.185
    ],
    [
      1516.23,
      1144.905
    ],
    [
      1700.02,
      1151.795
    ],
    [
      1463.025,
      1194.565
    ],
    [
      1675.245,
      1201.19
    ],
    [
      1381.56,
      1266.48
    ],
    [
      1642.62,
      1272.71
    ],
    [
      1248.215,
      1375.155
    ],
    [
      1585.065,
      1386.08
    ],
    [
      1060.075,
      1578.6799999999998
    ],
    [
      1493.1599999999999,
      1585.57
    ],
    [
      1297.5149999999999,
      2152.56
    ],
    [
      628.65,
      2160.02
    ]
  ],
  "right_side": [
    [
      1996.3600000000001,
      1002.175
    ],
    [
      2074.8650000000002,
      1003.78
    ],
    [
      1914.87,
      1048.035
    ],
    [
      2005.965,
      1051.87
    ],
    [
      2120.09,
      1063.2
    ],
    [
      2016.79,
      1074.2150000000001
    ],
    [
      2143.9049999999997,
      1080.47
    ],
    [
      2039.9,
      1095.255
    ],
    [
      2058.48,
      1122.47
    ],
    [
      2186.9049999999997,
      1126.29
    ],
    [
      2083.885,
      1159.58
    ],
    [
      2256.5299999999997,
      1166.17
    ],
    [
      2116.48,
      1207.67
    ],
    [
      2312.2650000000003,
      1214.675
    ],
    [
      2157.36,
      1274.99
    ],
    [
      2389.05,
      1281.605
    ],
    [
      2222.3050000000003,
      1379.755
    ],
    [
      2508.6949999999997,
      1380.495
    ],
    [
      2702.4849999999997,
      1540.6149999999998
    ],
    [
      2340.44,
      1552.4299999999998
    ],
    [
      2548.745,
      2116.875
    ],
    [
      3063.165,
      2117.0699999999997
    ]
  ],
  "aisle_position": 1850.8009974874371,
  "total_seats": 44,
  "left_count": 22,
  "right_count": 22,
  "left_row_1": [
    [
      1678.93,
      988.69
    ],
    [
      1760.415,
      991.5
    ],
    [
      1761.17,
      1048.25
    ],
    [
      1846.545,
      1047.74
    ]
  ],
  "left_row_2": [
    [
      1558.125,
      1109.395
    ],
    [
      1596.58,
      1082.655
    ],
    [
      1621.76,
      1061.205
    ],
    [
      1721.165,
      1114.185
    ],
    [
      1738.255,
      1087.77
    ],
    [
      1752.1,
      1065.65
    ]
  ],
  "left_row_3": [
    [
      1463.025,
      1194.565
    ],
    [
      1516.23,
      1144.905
    ],
    [
      1675.245,
      1201.19
    ],
    [
      1700.02,
      1151.795
    ]
  ],
  "left_row_4": [
    [
      1381.56,
      1266.48
    ],
    [
      1642.62,
      1272.71
    ]
  ],
  "left_row_5": [
    [
      1248.215,
      1375.155
    ],
    [
      1585.065,
      1386.08
    ]
  ],
  "left_row_6": [
    [
      1060.075,
      1578.6799999999998
    ],
    [
      1493.1599999999999,
      1585.57
    ]
  ],
  "left_row_7": [
    [
      628.65,
      2160.02
    ],
    [
      1297.5149999999999,
      2152.56
    ]
  ],
  "right_row_1": [
    [
      1914.87,
      1048.035
    ],
    [
      1996.3600000000001,
      1002.175
    ],
    [
      2005.965,
      1051.87
    ],
    [
      2074.8650000000002,
      1003.78
    ]
  ],
  "right_row_2": [
    [
      2016.79,
      1074.2150000000001
    ],
    [
      2039.9,
      1095.255
    ],
    [
      2058.48,
      1122.47
    ],
    [
      2120.09,
      1063.2
    ],
    [
      2143.9049999999997,
      1080.47
    ]
  ],
  "right_row_3": [
    [
      2083.885,
      1159.58
    ],
    [
      2186.9049999999997,
      1126.29
    ],
    [
      2256.5299999999997,
      1166.17
    ]
  ],
  "right_row_4": [
    [
      2116.48,
      1207.67
    ],
    [
      2312.2650000000003,
      1214.675
    ]
  ],
  "right_row_5": [
    [
      2157.36,
      1274.99
    ],
    [
      2389.05,
      1281.605
    ]
  ],
  "right_row_6": [
    [
      2222.3050000000003,
      1379.755
    ],
    [
      2508.6949999999997,
      1380.495
    ]
  ],
  "right_row_7": [
    [
      2340.44,
      1552.4299999999998
    ],
    [
      2702.4849999999997,
      1540.6149999999998
    ]
  ],
  "right_row_8": [
    [
      2548.745,
      2116.875
    ],
    [
      3063.165,
      2117.0699999999997
    ]
  ]
}